model_spec,HL_chi2,df,p_value
logreg__M0_baseline,10.567544671834934,8,0.22742653675036983
logreg__M1_augmented,29.19372778323309,8,0.00029320566899615486
lgbm__M0_baseline,205.01761602248536,8,0.0
lgbm__M1_augmented,265.074295194384,8,0.0
