scenario,n,logloss_M0,logloss_M1,delta_logloss,auc_M0,auc_M1,delta_auc,delta_logloss_mean,delta_logloss_p2.5,delta_logloss_p97.5
all_data,20000,0.25931541964366356,0.2621329406784269,0.0028175210347633484,0.689045227873305,0.6815162715185227,-0.007528956354782346,,,
drop_top_engagement_tier_5,19606,0.259307781517207,0.26194867740802824,0.0026408958908212266,0.6899367853417774,0.6822937725789999,-0.007643012762777457,,,
wearable_users_only,1943,0.21014637929033952,0.231718774203051,0.021572394912711484,0.6969631026645389,0.6416799651820688,-0.055283137482470046,,,
non_wearable_only,18057,0.26460619028144994,0.26540561750523395,0.0007994272237840105,0.6876159591388941,0.6834564547280838,-0.004159504410810255,,,
age_45_64,7913,0.3447848668081003,0.34690829564502407,0.002123428836923791,0.6159452900414185,0.6167476650839675,0.0008023750425489862,,,
age_65_plus,559,0.47398687576762183,0.5040758725322065,0.030088996764584708,0.5945535533508808,0.5846932577444828,-0.009860295606398006,,,
bootstrap_M1-M0_logloss_mean,500,,,,,,,0.002849561265407276,0.001389695178882866,0.004422985433145455
