level,n,rate,variable
R,1943,0.058157488419969254,dominant_hand
Android 13,89,0.07865168539325845,os
Android 14,302,0.06622516556291397,os
Android 15,370,0.06216216216216214,os
iOS 16,166,0.0602409638554217,os
iOS 17,442,0.056561085972850755,os
iOS 18,574,0.04878048780487802,os
