wearable,n,deaths,rate,rate_ipw
0,18057,1506,0.08340255856454536,0.08277415050662103
1,1943,113,0.058157488419969254,0.05635033210561071
