model,spec,n_features,log_loss,auc,brier,calibration_intercept,calibration_slope
logreg,M0_baseline,20,0.25931541964366356,0.689045227873305,0.06953501357593393,-0.09971628995078885,0.9575200213069893
logreg,M1_augmented,104,0.2621329406784269,0.6815162715185227,0.06995114240982284,-0.3782313923088028,0.8346690740838125
lgbm,M0_baseline,20,0.2726330688115497,0.6561903171020886,0.07292266666232286,-0.8106006089393922,0.6272482333079008
lgbm,M1_augmented,104,0.27286998758803505,0.6575803074844417,0.07238992233934012,-0.817928801175016,0.610920305449915
