model_spec,intercept,slope
logreg__M0_baseline,-0.09971628995078885,0.9575200213069893
logreg__M1_augmented,-0.3782313923088028,0.8346690740838125
lgbm__M0_baseline,-0.8106006089393922,0.6272482333079008
lgbm__M1_augmented,-0.817928801175016,0.610920305449915
